Workbook

Sheet P OUT
A1: Current | B1: MS30A1 P_1 | C1: Current | D1: MS30A1 P_2 | E1: Current | F1: SG1744L P_1 | G1: Current | H1: SG1744L P_2
A2: 0.4 | B2: 30.1 | C2: 0.4 | D2: 51 | E2: 0.4 | F2: 47 | G2: 0.4 | H2: 66
A3: 0.4 | B3: 31 | C3: 0.4 | D3: 52 | E3: 0.4 | F3: 48 | G3: 0.4 | H3: 66
A4: 0.41 | B4: 43 | C4: 0.41 | D4: 64 | E4: 0.41 | F4: 64.9 | G4: 0.42 | H4: 111
A5: 0.41 | B5: 43.8 | C5: 0.41 | D5: 68 | E5: 0.41 | F5: 65 | G5: 0.42 | H5: 112
A6: 0.41 | B6: 44.6 | C6: 0.41 | D6: 84 | E6: 0.42 | F6: 80.1 | G6: 0.44 | H6: 156
A7: 0.41 | B7: 45.2 | C7: 0.41 | D7: 82 | E7: 0.42 | F7: 80.3 | G7: 0.44 | H7: 154
A8: 0.42 | B8: 58.2 | C8: 0.42 | D8: 81 | E8: 0.43 | F8: 94.3 | G8: 0.46 | H8: 206
A9: 0.42 | B9: 56.4 | C9: 0.42 | D9: 100 | E9: 0.43 | F9: 95.2 | G9: 0.46 | H9: 205
A10: 0.42 | B10: 57.1 | C10: 0.42 | D10: 101 | E10: 0.44 | F10: 111 | G10: 0.47 | H10: 229
A11: 0.43 | B11: 68 | C11: 0.43 | D11: 119 | E11: 0.44 | F11: 111 | G11: 0.47 | H11: 230
A12: 0.43 | B12: 63 | C12: 0.43 | D12: 118 | E12: 0.45 | F12: 127 | G12: 0.48 | H12: 252
A13: 0.43 | B13: 67.5 | C13: 0.43 | D13: 135 | E13: 0.45 | F13: 127 | G13: 0.48 | H13: 253
... A18: 0.45 | B18: 95.8 | C18: 0.45 | D18: 176 | E18: 0.48 | F18: 180 | G18: 0.54 | H18: 391
E19: 0.48 | F19: 180 | G19: 0.54 | H19: 397
E20: 0.49 | F20: 198 | G20: 0.56 | H20: 439
E21: 0.49 | F21: 197 | G21: 0.56 | H21: 442
E22: 0.5 | F22: 209 | G22: 0.58 | H22: 491
E23: 0.5 | F23: 213 | G23: 0.58 | H23: 491
E24: 0.52 | F24: 246 | G24: 0.6 | H24: 544
E25: 0.52 | F25: 246 | G25: 0.6 | H25: 543
E26: 0.54 | F26: 280
E27: 0.54 | F27: 280
E28: 0.56 | F28: 309
E29: 0.56 | F29: 309
E30: 0.58 | F30: 343
E31: 0.58 | F31: 345
E32: 0.6 | F32: 379
E33: 0.6 | F33: 379

Sheet MS30A1 splice before
A1: Current (A) | B1: P_out (mW) | C1: ΔT (mK)
A2: 0 | B2: 0 | C2: -3.6098
A3: 0 | B3: 0 | C3: -2.4177
A4: 0 | B4: 0 | C4: 2.3645
A5: 0.4 | B5: 29.2 | C5: 40.5511
A6: 0.4 | B6: 30.1 | C6: 48.1544
A7: 0.4 | B7: 31 | C7: 43.4274
A8: 0.41 | B8: 43 | C8: 65.9117
A9: 0.41 | B9: 43.8 | C9: 62.1065 | D9: BAD DATA POINT I ENDED LATE (at 40s)
A10: 0.41 | B10: 44.6 | C10: 67.6579
A11: 0.41 | B11: 45.2 | C11: 67.5341
A12: 0.42 | B12: 58.2 | C12: 83.4225
A13: 0.42 | B13: 56.4 | C13: 91.8153
A14: 0.42 | B14: 57.1 | C14: 78.9277
A15: 0.43 | B15: 68 | C15: 94.3764
A16: 0.43 | B16: 63 | C16: 95.2353
A17: 0.43 | B17: 67.5 | C17: 94.271
A18: 0.44 | B18: 81.6 | C18: 110.032
A19: 0.44 | B19: 81.1 | C19: 126.7827
A20: 0.44 | B20: 81.5 | C20: 121.114
A21: 0.45 | B21: 95.4 | C21: 141.6493
A22: 0.45 | B22: 95.8 | C22: 138.2283

Sheet MS30A1 test #2
A1: Current (A) | B1: P_out (mW) | C1: ΔT (mK)
A2: 0 | B2: 0 | C2: 0.55671
A3: 0 | B3: 0 | C3: 15.159
A4: 0 | B4: 0 | C4: -3.5488
A5: 0.4 | B5: 51 | C5: 59.8891
A6: 0.4 | B6: 52 | C6: 58.1427
A7: 0.41 | B7: 64 | C7: 67.149
A8: 0.41 | B8: 68 | C8: 63.5895
A9: 0.42 | B9: 84 | C9: 65.749
A10: 0.42 | B10: 82 | C10: 96.0166
A11: 0.42 | B11: 81 | C11: 85.5933
A12: 0.43 | B12: 100 | C12: 106.2596
A13: 0.43 | B13: 101 | C13: 111.8189
... A21: 0.47 | B21: 176 | C21: 170.9017

Sheet MS30A1 test #2 normalized
A1: Current (A) | B1: P_out (mW) | C1: ΔT (mK)
A2: ='MS30A1 test #2'!A2 -> 0 | B2: =('MS30A1 test #2'!B2 / 1.94647965811) -> 0 | C2: ='MS30A1 test #2'!C2 -> 0.55671
A3: ='MS30A1 test #2'!A3 -> 0 | B3: =('MS30A1 test #2'!B3 / 1.94647965811) -> 0 | C3: ='MS30A1 test #2'!C3 -> 15.159
A4: ='MS30A1 test #2'!A4 -> 0 | B4: =('MS30A1 test #2'!B4 / 1.94647965811) -> 0 | C4: ='MS30A1 test #2'!C4 -> -3.5488
A5: ='MS30A1 test #2'!A5 -> 0.4 | B5: =('MS30A1 test #2'!B5 / 1.94647965811) -> 26.201147 | C5: ='MS30A1 test #2'!C5 -> 59.8891
A6: ='MS30A1 test #2'!A6 -> 0.4 | B6: =('MS30A1 test #2'!B6 / 1.94647965811) -> 26.714895 | C6: ='MS30A1 test #2'!C6 -> 58.1427
A7: ='MS30A1 test #2'!A7 -> 0.41 | B7: =('MS30A1 test #2'!B7 / 1.94647965811) -> 32.879871 | C7: ='MS30A1 test #2'!C7 -> 67.149
A8: ='MS30A1 test #2'!A8 -> 0.41 | B8: =('MS30A1 test #2'!B8 / 1.94647965811) -> 34.934863 | C8: ='MS30A1 test #2'!C8 -> 63.5895
A9: ='MS30A1 test #2'!A9 -> 0.42 | B9: =('MS30A1 test #2'!B9 / 1.94647965811) -> 43.154831 | C9: ='MS30A1 test #2'!C9 -> 65.749
A10: ='MS30A1 test #2'!A10 -> 0.42 | B10: =('MS30A1 test #2'!B10 / 1.94647965811) -> 42.127335 | C10: ='MS30A1 test #2'!C10 -> 96.0166
A11: ='MS30A1 test #2'!A11 -> 0.42 | B11: =('MS30A1 test #2'!B11 / 1.94647965811) -> 41.613587 | C11: ='MS30A1 test #2'!C11 -> 85.5933
A12: ='MS30A1 test #2'!A12 -> 0.43 | B12: =('MS30A1 test #2'!B12 / 1.94647965811) -> 51.374798 | C12: ='MS30A1 test #2'!C12 -> 106.2596
A13: ='MS30A1 test #2'!A13 -> 0.43 | B13: =('MS30A1 test #2'!B13 / 1.94647965811) -> 51.888546 | C13: ='MS30A1 test #2'!C13 -> 111.8189
... A21: ='MS30A1 test #2'!A21 -> 0.47 | B21: =('MS30A1 test #2'!B21 / 1.94647965811) -> 90.419645 | C21: ='MS30A1 test #2'!C21 -> 170.9017
A22: ='MS30A1 test #2'!A22

Sheet Copy of MS30A1 test #2 normaliz
A1: Current (A) | B1: P_out (mW) | C1: ΔT (mK)
A2: ='MS30A1 test #2'!A2 -> 0 | B2: =('MS30A1 test #2'!B2 / 1.43567658) -> 0 | C2: ='MS30A1 test #2'!C2 -> 0.55671
A3: ='MS30A1 test #2'!A3 -> 0 | B3: =('MS30A1 test #2'!B3 / 1.43567658) -> 0 | C3: ='MS30A1 test #2'!C3 -> 15.159
A4: ='MS30A1 test #2'!A4 -> 0 | B4: =('MS30A1 test #2'!B4 / 1.43567658) -> 0 | C4: ='MS30A1 test #2'!C4 -> -3.5488
A5: ='MS30A1 test #2'!A5 -> 0.4 | B5: =('MS30A1 test #2'!B5 / 1.43567658) -> 35.523321 | C5: ='MS30A1 test #2'!C5 -> 59.8891
A6: ='MS30A1 test #2'!A6 -> 0.4 | B6: =('MS30A1 test #2'!B6 / 1.43567658) -> 36.219857 | C6: ='MS30A1 test #2'!C6 -> 58.1427
A7: ='MS30A1 test #2'!A7 -> 0.41 | B7: =('MS30A1 test #2'!B7 / 1.43567658) -> 44.578285 | C7: ='MS30A1 test #2'!C7 -> 67.149
A8: ='MS30A1 test #2'!A8 -> 0.41 | B8: =('MS30A1 test #2'!B8 / 1.43567658) -> 47.364428 | C8: ='MS30A1 test #2'!C8 -> 63.5895
A9: ='MS30A1 test #2'!A9 -> 0.42 | B9: =('MS30A1 test #2'!B9 / 1.43567658) -> 58.508999 | C9: ='MS30A1 test #2'!C9 -> 65.749
A10: ='MS30A1 test #2'!A10 -> 0.42 | B10: =('MS30A1 test #2'!B10 / 1.43567658) -> 57.115928 | C10: ='MS30A1 test #2'!C10 -> 96.0166
A11: ='MS30A1 test #2'!A11 -> 0.42 | B11: =('MS30A1 test #2'!B11 / 1.43567658) -> 56.419392 | C11: ='MS30A1 test #2'!C11 -> 85.5933
A12: ='MS30A1 test #2'!A12 -> 0.43 | B12: =('MS30A1 test #2'!B12 / 1.43567658) -> 69.653571 | C12: ='MS30A1 test #2'!C12 -> 106.2596
A13: ='MS30A1 test #2'!A13 -> 0.43 | B13: =('MS30A1 test #2'!B13 / 1.43567658) -> 70.350106 | C13: ='MS30A1 test #2'!C13 -> 111.8189
... A21: ='MS30A1 test #2'!A21 -> 0.47 | B21: =('MS30A1 test #2'!B21 / 1.43567658) -> 122.59028 | C21: ='MS30A1 test #2'!C21 -> 170.9017
A22: ='MS30A1 test #2'!A22

Sheet SG1864L
A1: Current (A) | B1: P_out (mW) | C1: ΔT (mK)
A2: 0 | B2: 0 | C2: 3.2366
A3: 0 | B3: 0 | C3: -4.7076
A4: 0 | B4: 0 | C4: 21.0327 | E4: probably there was some air flux
A5: 0 | B5: 0 | C5: 14.9139
A6: 0 | B6: 0 | C6: -8.6798
A7: 0 | B7: 0 | C7: 6.6739
A8: 0 | B8: 0 | C8: -16.8916
A9: 0 | B9: 0 | C9: -13.0792 | G9: all these zeros are from me trying to press the button and failing fuh
A10: 0 | B10: 0 | C10: 3.4626
A11: 0 | B11: 0 | C11: 4.6284
A12: 0 | B12: 0 | C12: 2.1181
A13: 0.4 | B13: 41.7 | C13: 12.6436
A14: 0.4 | B14: 41.7 | C14: 8.497
A15: 0.41 | B15: 56 | C15: 40.747 | E15: how bruh
A16: 0.41 | B16: 57 | C16: 8.3163
A17: 0.41 | B17: 58.3 | C17: 5.3072
A18: 0.42 | B18: 71.6 | C18: 13.7091
A19: 0.42 | B19: 72.4 | C19: 34.0474
A20: 0.42 | B20: 72.8 | C20: 28.7761
A21: 0.43 | B21: 86 | C21: 31.3794
A22: 0.43 | B22: 86.9 | C22: 28.1999
A23: 0.44 | B23: 98 | C23: 46.2421
A24: 0.44 | B24: 98 | C24: 31.6153
A25: 0.45 | B25: 114 | C25: 24.7029
A26: 0.45 | B26: 114 | C26: 54.2569
A27: 0.46 | B27: 129 | C27: 60.8091
... A68: 0.8 | B68: 674 | C68: 267.5618

Sheet SG1864L test #2
A1: Current (A) | B1: P_out (mW) | C1: ΔT (mK)
A2: 0 | B2: 0
A3: 0 | B3: 0
A16: 0.7

Sheet SG1744L
A1: Current (A) | B1: P_out (mW) | C1: ΔT (mK)
A2: 0 | B2: 0 | C2: -1.0589 | E2: failed to lock it for a bit before this. now let's cook!
A3: 0 | B3: 0 | C3: -5.4727
A4: 0 | B4: 0 | C4: -14.1174
A5: 0 | B5: 0 | C5: -2.1395
A6: 0.4 | B6: 47 | C6: 24.0494
A7: 0.4 | B7: 48 | C7: 25.0239
A8: 0.41 | B8: 64.9 | C8: 44.3636 | E8: my reaction was pretty delayed for this one so might be slightly bad data
A9: 0.41 | B9: 65 | C9: 44.2181
A10: 0.42 | B10: 80.1 | C10: 54.442
A11: 0.42 | B11: 80.3 | C11: 42.8251
A12: 0.43 | B12: 94.3 | C12: 71.5404
A13: 0.43 | B13: 95.2 | C13: 68.9545
A14: 0.44 | B14: 111 | C14: 81.0862
A15: 0.44 | B15: 111 | C15: 71.331
A16: 0.45 | B16: 127 | C16: 77.34
A17: 0.45 | B17: 127 | C17: 98.0197
A18: 0.46 | B18: 144 | C18: 96.3559
A19: 0.46 | B19: 145 | C19: 104.722
A20: 0.47 | B20: 163 | C20: 111.6229
... A37: 0.6 | B37: 379 | C37: 271.893

Sheet SG1744L test #2
A1: Current (A) | B1: P_out (mW) | C1: ΔT (mK)
A2: 0 | B2: 0 | C2: 12.7004
A3: 0 | B3: 0 | C3: -8.2328
A4: 0.4 | B4: 66 | C4: 26.9418
A5: 0.4 | B5: 66 | C5: 39.8765
A6: 0.42 | B6: 111 | C6: 62.8992
A7: 0.42 | B7: 112 | C7: 60.3582
A8: 0.44 | B8: 156 | C8: 77.2295
A9: 0.44 | B9: 154 | C9: 89.2284
A10: 0.46 | B10: 206 | C10: 109.1249
A11: 0.46 | B11: 205 | C11: 105.0826
A12: 0.47 | B12: 229 | C12: 107.0466
A13: 0.47 | B13: 230 | C13: 111.7504
... A27: 0.6 | B27: 543 | C27: 280.2037

Sheet SG1744L test #2 normalized
A1: ='SG1744L test #2'!A1 -> Current (A) | B1: ='SG1744L test #2'!B1 -> P_out (mW) | C1: ='SG1744L test #2'!C1 -> ΔT (mK)
A2: ='SG1744L test #2'!A2 -> 0 | B2: =('SG1744L test #2'!B2 / 1.43567658) -> 0 | C2: ='SG1744L test #2'!C2 -> 12.7004
A3: ='SG1744L test #2'!A3 -> 0 | B3: =('SG1744L test #2'!B3 / 1.43567658) -> 0 | C3: ='SG1744L test #2'!C3 -> -8.2328
A4: ='SG1744L test #2'!A4 -> 0.4 | B4: =('SG1744L test #2'!B4 / 1.43567658) -> 45.971357 | C4: ='SG1744L test #2'!C4 -> 26.9418
A5: ='SG1744L test #2'!A5 -> 0.4 | B5: =('SG1744L test #2'!B5 / 1.43567658) -> 45.971357 | C5: ='SG1744L test #2'!C5 -> 39.8765 | D5: 1.4356766
A6: ='SG1744L test #2'!A6 -> 0.42 | B6: =('SG1744L test #2'!B6 / 1.43567658) -> 77.315463 | C6: ='SG1744L test #2'!C6 -> 62.8992
A7: ='SG1744L test #2'!A7 -> 0.42 | B7: =('SG1744L test #2'!B7 / 1.43567658) -> 78.011999 | C7: ='SG1744L test #2'!C7 -> 60.3582
A8: ='SG1744L test #2'!A8 -> 0.44 | B8: =('SG1744L test #2'!B8 / 1.43567658) -> 108.65957 | C8: ='SG1744L test #2'!C8 -> 77.2295
A9: ='SG1744L test #2'!A9 -> 0.44 | B9: =('SG1744L test #2'!B9 / 1.43567658) -> 107.2665 | C9: ='SG1744L test #2'!C9 -> 89.2284
A10: ='SG1744L test #2'!A10 -> 0.46 | B10: =('SG1744L test #2'!B10 / 1.43567658) -> 143.48636 | C10: ='SG1744L test #2'!C10 -> 109.1249
A11: ='SG1744L test #2'!A11 -> 0.46 | B11: =('SG1744L test #2'!B11 / 1.43567658) -> 142.78982 | C11: ='SG1744L test #2'!C11 -> 105.0826
A12: ='SG1744L test #2'!A12 -> 0.47 | B12: =('SG1744L test #2'!B12 / 1.43567658) -> 159.50668 | C12: ='SG1744L test #2'!C12 -> 107.0466
A13: ='SG1744L test #2'!A13 -> 0.47 | B13: =('SG1744L test #2'!B13 / 1.43567658) -> 160.20321 | C13: ='SG1744L test #2'!C13 -> 111.7504
A14: ='SG1744L test #2'!A14 -> 0.48 | B14: =('SG1744L test #2'!B14 / 1.43567658) -> 175.527 | C14: ='SG1744L test #2'!C14 -> 120.1315
A15: ='SG1744L test #2'!A15 -> 0.48 | B15: =('SG1744L test #2'!B15 / 1.43567658) -> 176.22353 | C15: ='SG1744L test #2'!C15 -> 132.9735
A16: ='SG1744L test #2'!A16 -> 0.5 | B16: =('SG1744L test #2'!B16 / 1.43567658) -> 207.56764 | C16: ='SG1744L test #2'!C16 -> 152.8479
A17: ='SG1744L test #2'!A17 -> 0.5 | B17: =('SG1744L test #2'!B17 / 1.43567658) -> 208.26418 | C17: ='SG1744L test #2'!C17 -> 155.8352
... A27: ='SG1744L test #2'!A27 -> 0.6 | B27: =('SG1744L test #2'!B27 / 1.43567658) -> 378.21889 | C27: ='SG1744L test #2'!C27 -> 280.2037
A28: ='SG1744L test #2'!A28 | B28: ='SG1744L test #2'!B28 | C28: ='SG1744L test #2'!C28
A29: ='SG1744L test #2'!A29 | B29: ='SG1744L test #2'!B29 | C29: ='SG1744L test #2'!C29
A30: ='SG1744L test #2'!A30 | B30: ='SG1744L test #2'!B30 | C30: ='SG1744L test #2'!C30
A31: ='SG1744L test #2'!A31 | B31: ='SG1744L test #2'!B31 | C31: ='SG1744L test #2'!C31
A32: ='SG1744L test #2'!A32 | B32: ='SG1744L test #2'!B32 | C32: ='SG1744L test #2'!C32
A33: ='SG1744L test #2'!A33 | B33: ='SG1744L test #2'!B33 | C33: ='SG1744L test #2'!C33
A34: ='SG1744L test #2'!A34 | B34: ='SG1744L test #2'!B34 | C34: ='SG1744L test #2'!C34

Sheet PS 12501500
A1: Current (A) | B1: P_out (mW) | C1: ΔT (mK)
A2: 0 | B2: 0 | C2: -0.17658
A7: 0.5 | B7: 215
D9: ***on the second time testing with the new photodetector it still doesn't work

Sheet length
A1: Fiber | B1: Length of strip (cm) | C1: Length after strip (cm)
A2: MS30A1 | B2: 9.6 | C2: 37.5
